{
    "vrouw1": "Levensverzekering A",
    "kind1": "Ziekteverzekering B",
    "vrouw2": "Levensverzekering A",
    "kind2": "Ziekteverzekering B"
    "vrouw3": "Levensverzekering A",
    "kind3": "Ziekteverzekering B",
    "vrouw4": "Levensverzekering A",
    "kind4": "Ziekteverzekering B"",
    "kind5": "Ziekteverzekering B",
    "vrouw5": "Levensverzekering A",
    "kind6": "Ziekteverzekering A""
    "kind6": "Ziekteverzekering B",
    "vrouw7": "Levensverzekering A",
    "kind7": "Ziekteverzekering A""
    "kind8": "Ziekteverzekering B",
    "vrouw8": "Levensverzekering A",
    "kind9": "Ziekteverzekering A""
    "kind9": "Ziekteverzekering B",
    "vrouw10": "Levensverzekering A",
    "kind10": "Ziekteverzekering B"
}
