{
  // Дополнительные сведения об этом файле см. по адресу https://go.microsoft.com//fwlink//?linkid=834763.
  "configurations": [
    {
      "name": "x86-Debug",
      "generator": "Ninja",
      "configurationType": "Debug",
      "inheritEnvironments": [ "msvc_x86" ],
      "buildRoot": "${workspaceRoot}\\build\\${name}",
      "installRoot": "${workspaceRoot}\\build\\install\\${name}",
      "cmakeCommandArgs": "",
      "buildCommandArgs": "-v",
      "ctestCommandArgs": ""
    },
    {
      "name": "x86-Release", 
      "generator": "Ninja",
      "configurationType": "RelWithDebInfo",
      "inheritEnvironments": [ "msvc_x86" ],
      "buildRoot": "${workspaceRoot}\\build\\${name}",
      "installRoot": "${workspaceRoot}\\build\\install\\${name}",
      "cmakeCommandArgs": "",
      "buildCommandArgs": "-v",
      "ctestCommandArgs": ""
    },
    {
      "name": "x64-Debug",
      "generator": "Ninja",
      "configurationType": "Debug",
      "inheritEnvironments": [ "msvc_x64_x64" ],
      "buildRoot": "${workspaceRoot}\\build\\${name}",
      "installRoot": "${workspaceRoot}\\build\\install\\${name}",
      "cmakeCommandArgs": "",
      "buildCommandArgs": "-v",
      "ctestCommandArgs": ""
    },
    {
      "name": "x64-Release",
      "generator": "Ninja",
      "configurationType": "RelWithDebInfo",
      "inheritEnvironments": [ "msvc_x64_x64" ],
      "buildRoot": "${workspaceRoot}\\build\\${name}",
      "installRoot": "${workspaceRoot}\\build\\install\\${name}",
      "cmakeCommandArgs": "",
      "buildCommandArgs": "-v",
      "ctestCommandArgs": ""
    }
  ]
}