{
    "saldo": 3500.0,
    "belastingvoorheffing": 0.0,
    "leningen_inkomend": [
        {
            "bedrag": 2000.0,
            "beschrijving": "Investering van partner"
        }
    ],
    "leningen_uitgaand": [
        {
            "bedrag": 1000.0,
            "beschrijving": "Lening aan teamlid"
        }
    ],
    "transacties": [
        {
            "tijd": "2025-05-16T08:50:52.056098",
            "type": "Inkomen",
            "bedrag": 5000.0,
            "netto": 3750.0,
            "belasting": 1250.0
        },
        {
            "tijd": "2025-05-16T08:50:52.056152",
            "type": "Inkomende lening",
            "bedrag": 2000.0,
            "beschrijving": "Investering van partner"
        },
        {
            "tijd": "2025-05-16T08:50:52.056193",
            "type": "Uitgaande lening",
            "bedrag": 1000.0,
            "beschrijving": "Lening aan teamlid"
        },
        {
            "tijd": "2025-05-16T08:50:52.056233",
            "type": "Belasting betaald",
            "bedrag": 1250.0
        }
    ]
}